{
  "model": "NMF_TFIDF",
  "dataset": "NYT",
  "num_topic": 200,
  "TC": 0.6494694369891421,
  "TD": 0.4493333333333333,
  "TQ": 0.2918282670204545,
  "classification": {
    "acc": 0.7331154684095861,
    "macro-F1": 0.5130898641818232
  },
  "clustering": {
    "Purity": 0.6056644880174292,
    "NMI": 0.3007321986124389
  }
}